mean_fit_time,std_fit_time,mean_score_time,std_score_time,param_max_depth,param_min_samples_leaf,param_min_samples_split,params,split0_test_f1,split1_test_f1,split2_test_f1,split3_test_f1,split4_test_f1,split5_test_f1,split6_test_f1,mean_test_f1,std_test_f1,rank_test_f1,split0_test_roc_auc,split1_test_roc_auc,split2_test_roc_auc,split3_test_roc_auc,split4_test_roc_auc,split5_test_roc_auc,split6_test_roc_auc,mean_test_roc_auc,std_test_roc_auc,rank_test_roc_auc,split0_test_accuracy,split1_test_accuracy,split2_test_accuracy,split3_test_accuracy,split4_test_accuracy,split5_test_accuracy,split6_test_accuracy,mean_test_accuracy,std_test_accuracy,rank_test_accuracy
0.01621345111301967,0.002098365180457656,0.003955909184047154,0.000978897027523174,5,1,2,"{'max_depth': 5, 'min_samples_leaf': 1, 'min_samples_split': 2}",0.4217687074829932,0.43708609271523186,0.42028985507246375,0.49056603773584906,0.4832214765100671,0.4832214765100671,0.5490196078431372,0.46931046483854416,0.04291857470374058,113,0.76859009152333,0.7599992513429036,0.7681128226244174,0.7835245840760547,0.7850378787878788,0.784963606654783,0.8101140077243019,0.7800488918190956,0.015310117939325185,121,0.8650793650793651,0.8650793650793651,0.873015873015873,0.8714285714285714,0.8777777777777778,0.8777777777777778,0.8904761904761904,0.8743764172335603,0.008156964058324211,113
0.01598773683820452,0.0030803425493864836,0.004642418452671596,0.002274415207117998,5,1,5,"{'max_depth': 5, 'min_samples_leaf': 1, 'min_samples_split': 5}",0.4217687074829932,0.43708609271523186,0.42028985507246375,0.49056603773584906,0.4832214765100671,0.4832214765100671,0.5490196078431372,0.46931046483854416,0.04291857470374058,113,0.76859009152333,0.7599992513429036,0.7681128226244174,0.7835245840760547,0.7850378787878788,0.784963606654783,0.8101140077243019,0.7800488918190956,0.015310117939325185,121,0.8650793650793651,0.8650793650793651,0.873015873015873,0.8714285714285714,0.8777777777777778,0.8777777777777778,0.8904761904761904,0.8743764172335603,0.008156964058324211,113
0.016117027827671597,0.0021298912806111095,0.0040564196450369695,0.0021693851485217667,5,1,10,"{'max_depth': 5, 'min_samples_leaf': 1, 'min_samples_split': 10}",0.4217687074829932,0.43708609271523186,0.42028985507246375,0.49056603773584906,0.4832214765100671,0.48,0.5490196078431372,0.4688502539085345,0.0427840019161802,117,0.76859009152333,0.7599992513429036,0.7681128226244174,0.7835245840760547,0.7850378787878788,0.7834317439096851,0.8101140077243019,0.7798300542840817,0.015249131200057131,125,0.8650793650793651,0.8650793650793651,0.873015873015873,0.8714285714285714,0.8777777777777778,0.8761904761904762,0.8904761904761904,0.8741496598639458,0.008080965841816506,117
0.016413858958653042,0.0026319792431733725,0.004484142575945173,0.0016434085528044542,5,1,15,"{'max_depth': 5, 'min_samples_leaf': 1, 'min_samples_split': 15}",0.4217687074829932,0.43708609271523186,0.42028985507246375,0.49056603773584906,0.4832214765100671,0.48,0.5298013245033113,0.466104784859988,0.03788788014661183,119,0.76859009152333,0.7599992513429036,0.7681128226244174,0.7835245840760547,0.7850378787878788,0.7834317439096851,0.806363265002971,0.7792942338953202,0.014205812327335591,127,0.8650793650793651,0.8650793650793651,0.873015873015873,0.8714285714285714,0.8777777777777778,0.8761904761904762,0.8873015873015873,0.8736961451247167,0.007192177563334988,119
0.014640467507498605,0.0009450882218438021,0.003552300589425223,0.0015920377614508313,5,2,2,"{'max_depth': 5, 'min_samples_leaf': 2, 'min_samples_split': 2}",0.4217687074829932,0.43708609271523186,0.42028985507246375,0.49056603773584906,0.4832214765100671,0.4832214765100671,0.5490196078431372,0.46931046483854416,0.04291857470374058,113,0.76859009152333,0.7599992513429036,0.7681128226244174,0.7835245840760547,0.7850378787878788,0.784963606654783,0.8101140077243019,0.7800488918190956,0.015310117939325185,121,0.8650793650793651,0.8650793650793651,0.873015873015873,0.8714285714285714,0.8777777777777778,0.8777777777777778,0.8904761904761904,0.8743764172335603,0.008156964058324211,113
0.013771363667079381,0.0013977191004975263,0.003116233008248465,0.0010360347283216505,5,2,5,"{'max_depth': 5, 'min_samples_leaf': 2, 'min_samples_split': 5}",0.4217687074829932,0.43708609271523186,0.42028985507246375,0.49056603773584906,0.4832214765100671,0.4832214765100671,0.5490196078431372,0.46931046483854416,0.04291857470374058,113,0.76859009152333,0.7599992513429036,0.7681128226244174,0.7835245840760547,0.7850378787878788,0.784963606654783,0.8101140077243019,0.7800488918190956,0.015310117939325185,121,0.8650793650793651,0.8650793650793651,0.873015873015873,0.8714285714285714,0.8777777777777778,0.8777777777777778,0.8904761904761904,0.8743764172335603,0.008156964058324211,113
0.015918493270874023,0.001877608942643696,0.0027967861720493863,9.484050627052623e-05,5,2,10,"{'max_depth': 5, 'min_samples_leaf': 2, 'min_samples_split': 10}",0.4217687074829932,0.43708609271523186,0.42028985507246375,0.49056603773584906,0.4832214765100671,0.48,0.5490196078431372,0.4688502539085345,0.0427840019161802,117,0.76859009152333,0.7599992513429036,0.7681128226244174,0.7835245840760547,0.7850378787878788,0.7834317439096851,0.8101140077243019,0.7798300542840817,0.015249131200057131,125,0.8650793650793651,0.8650793650793651,0.873015873015873,0.8714285714285714,0.8777777777777778,0.8761904761904762,0.8904761904761904,0.8741496598639458,0.008080965841816506,117
0.013307332992553711,0.0009146172819815703,0.0027140208653041293,0.00013982169361629012,5,2,15,"{'max_depth': 5, 'min_samples_leaf': 2, 'min_samples_split': 15}",0.4217687074829932,0.43708609271523186,0.42028985507246375,0.49056603773584906,0.4832214765100671,0.48,0.5298013245033113,0.466104784859988,0.03788788014661183,119,0.76859009152333,0.7599992513429036,0.7681128226244174,0.7835245840760547,0.7850378787878788,0.7834317439096851,0.806363265002971,0.7792942338953202,0.014205812327335591,127,0.8650793650793651,0.8650793650793651,0.873015873015873,0.8714285714285714,0.8777777777777778,0.8761904761904762,0.8873015873015873,0.8736961451247167,0.007192177563334988,119
0.012632472174508231,0.000647073706863154,0.002704347882952009,0.00026332661507171316,5,5,2,"{'max_depth': 5, 'min_samples_leaf': 5, 'min_samples_split': 2}",0.4217687074829932,0.4285714285714286,0.43165467625899273,0.4874999999999999,0.4729729729729731,0.4705882352941177,0.5394736842105263,0.4646471006844331,0.03864564405418805,121,0.779221022291265,0.7815605757173071,0.7715098541990305,0.7867647058823529,0.7888721776589424,0.7771836007130124,0.8049799465240641,0.7842988404265677,0.010015496498966308,117,0.8650793650793651,0.8603174603174604,0.8746031746031746,0.8698412698412699,0.8761904761904762,0.8714285714285714,0.8888888888888888,0.8723356009070297,0.008435861785822318,121
0.013449396405901228,0.0011874269548842976,0.004060506820678711,0.002381307192491554,5,5,5,"{'max_depth': 5, 'min_samples_leaf': 5, 'min_samples_split': 5}",0.4217687074829932,0.4285714285714286,0.43165467625899273,0.4874999999999999,0.4729729729729731,0.4705882352941177,0.5394736842105263,0.4646471006844331,0.03864564405418805,121,0.779221022291265,0.7815605757173071,0.7715098541990305,0.7867647058823529,0.7888721776589424,0.7771836007130124,0.8049799465240641,0.7842988404265677,0.010015496498966308,117,0.8650793650793651,0.8603174603174604,0.8746031746031746,0.8698412698412699,0.8761904761904762,0.8714285714285714,0.8888888888888888,0.8723356009070297,0.008435861785822318,121
0.015367065157209123,0.0017897603064269182,0.003551006317138672,0.0010085058872431486,5,5,10,"{'max_depth': 5, 'min_samples_leaf': 5, 'min_samples_split': 10}",0.4217687074829932,0.4285714285714286,0.43165467625899273,0.4874999999999999,0.4729729729729731,0.4705882352941177,0.5394736842105263,0.4646471006844331,0.03864564405418805,121,0.779221022291265,0.7815605757173071,0.7715098541990305,0.7867647058823529,0.7888721776589424,0.7771836007130124,0.8049799465240641,0.7842988404265677,0.010015496498966308,117,0.8650793650793651,0.8603174603174604,0.8746031746031746,0.8698412698412699,0.8761904761904762,0.8714285714285714,0.8888888888888888,0.8723356009070297,0.008435861785822318,121
0.016874517713274275,0.0012247387097603028,0.003091914313180106,0.0007750314781133855,5,5,15,"{'max_depth': 5, 'min_samples_leaf': 5, 'min_samples_split': 15}",0.4217687074829932,0.4285714285714286,0.43165467625899273,0.4874999999999999,0.4729729729729731,0.4705882352941177,0.52,0.46186514579721505,0.03352004001879487,124,0.779221022291265,0.7815605757173071,0.7715098541990305,0.7867647058823529,0.7888721776589424,0.7771836007130124,0.8012292038027332,0.7837630200378062,0.00893700589887479,120,0.8650793650793651,0.8603174603174604,0.8746031746031746,0.8698412698412699,0.8761904761904762,0.8714285714285714,0.8857142857142857,0.8718820861678006,0.00757518960929252,124
0.014205660138811384,0.002018216514828513,0.00390345709664481,0.0018217418234303295,5,10,2,"{'max_depth': 5, 'min_samples_leaf': 10, 'min_samples_split': 2}",0.41610738255033564,0.40789473684210525,0.39416058394160586,0.440251572327044,0.42253521126760557,0.4575163398692811,0.5066666666666667,0.43501892763780636,0.035021479783188356,125,0.7785097980497483,0.7804563065002151,0.7681783301203468,0.7813149881164587,0.8043950534759358,0.7842951574569221,0.7991495840760546,0.7851856025422402,0.011563182062300701,113,0.861904761904762,0.8571428571428571,0.8682539682539683,0.8587301587301587,0.8698412698412699,0.8682539682539683,0.8825396825396825,0.8666666666666669,0.007959151371784243,125
0.01518838746207101,0.0016641122884164055,0.0035782882145472933,0.0013907542445867453,5,10,5,"{'max_depth': 5, 'min_samples_leaf': 10, 'min_samples_split': 5}",0.41610738255033564,0.40789473684210525,0.39416058394160586,0.440251572327044,0.42253521126760557,0.4575163398692811,0.5066666666666667,0.43501892763780636,0.035021479783188356,125,0.7785097980497483,0.7804563065002151,0.7681783301203468,0.7813149881164587,0.8043950534759358,0.7842951574569221,0.7991495840760546,0.7851856025422402,0.011563182062300701,113,0.861904761904762,0.8571428571428571,0.8682539682539683,0.8587301587301587,0.8698412698412699,0.8682539682539683,0.8825396825396825,0.8666666666666669,0.007959151371784243,125
0.015147856303623744,0.002144577872632235,0.004478011812482562,0.002456545005189444,5,10,10,"{'max_depth': 5, 'min_samples_leaf': 10, 'min_samples_split': 10}",0.41610738255033564,0.40789473684210525,0.39416058394160586,0.440251572327044,0.42253521126760557,0.4575163398692811,0.5066666666666667,0.43501892763780636,0.035021479783188356,125,0.7785097980497483,0.7804563065002151,0.7681783301203468,0.7813149881164587,0.8043950534759358,0.7842951574569221,0.7991495840760546,0.7851856025422402,0.011563182062300701,113,0.861904761904762,0.8571428571428571,0.8682539682539683,0.8587301587301587,0.8698412698412699,0.8682539682539683,0.8825396825396825,0.8666666666666669,0.007959151371784243,125
0.013976710183279855,0.0015608727396373466,0.004659754889351981,0.001678576824106493,5,10,15,"{'max_depth': 5, 'min_samples_leaf': 10, 'min_samples_split': 15}",0.41610738255033564,0.40789473684210525,0.39416058394160586,0.440251572327044,0.42253521126760557,0.4575163398692811,0.5066666666666667,0.43501892763780636,0.035021479783188356,125,0.7785097980497483,0.7804563065002151,0.7681783301203468,0.7813149881164587,0.8043950534759358,0.7842951574569221,0.7991495840760546,0.7851856025422402,0.011563182062300701,113,0.861904761904762,0.8571428571428571,0.8682539682539683,0.8587301587301587,0.8698412698412699,0.8682539682539683,0.8825396825396825,0.8666666666666669,0.007959151371784243,125
0.02565765380859375,0.0015367986476356322,0.006296498434884208,0.0024384949189233977,10,1,2,"{'max_depth': 10, 'min_samples_leaf': 1, 'min_samples_split': 2}",0.6129032258064517,0.8695652173913044,0.7500000000000001,0.857142857142857,0.8555555555555555,0.823529411764706,0.857142857142857,0.8036913035433902,0.08653637348154518,46,0.870276441632821,0.967002938479103,0.914465926743903,0.9614434789067141,0.9363394979203803,0.9548703951277481,0.9436181669637552,0.9354309779677749,0.031176530286989954,105,0.8476190476190476,0.9619047619047619,0.9301587301587302,0.9587301587301588,0.9587301587301588,0.9476190476190476,0.9587301587301588,0.9376417233560091,0.03813975371238515,46
0.025907209941319058,0.002043656852101207,0.003306967871529715,0.001308026190241931,10,1,5,"{'max_depth': 10, 'min_samples_leaf': 1, 'min_samples_split': 5}",0.6129032258064517,0.8695652173913044,0.7283236994219653,0.839779005524862,0.8314606741573034,0.8172043010752689,0.8444444444444443,0.7919543668316571,0.08398327118605216,53,0.870276441632821,0.967002938479103,0.9056785640756893,0.9599209001782532,0.9346126708259059,0.9542855020796197,0.9425969251336899,0.9334819917721545,0.03186531565454192,106,0.8476190476190476,0.9619047619047619,0.9253968253968254,0.953968253968254,0.9523809523809523,0.946031746031746,0.9555555555555556,0.9346938775510205,0.037142552583480815,47
0.026041133063180105,0.0018335849209202225,0.003976447241646903,0.0019402321942687281,10,1,10,"{'max_depth': 10, 'min_samples_leaf': 1, 'min_samples_split': 10}",0.5737704918032787,0.8540540540540541,0.7167630057803468,0.8087431693989071,0.8089887640449439,0.7817258883248731,0.8426966292134831,0.769534571802841,0.09011676420271976,54,0.8617323925209155,0.9653371764397611,0.9115087312133859,0.9544154783125371,0.9321616904337492,0.9474710338680927,0.9428197415329769,0.9307780349030599,0.0323314159624815,107,0.834920634920635,0.9571428571428572,0.9222222222222223,0.9444444444444444,0.946031746031746,0.9317460317460318,0.9555555555555556,0.9274376417233562,0.03948444237583477,49
0.026863881519862583,0.004175896882443081,0.0031714439392089844,0.0005897208524968782,10,1,15,"{'max_depth': 10, 'min_samples_leaf': 1, 'min_samples_split': 15}",0.5461847389558233,0.8087431693989071,0.6971428571428572,0.7444444444444445,0.782122905027933,0.75,0.7932960893854749,0.7317048863364913,0.08313467252413795,80,0.8510640288981639,0.9670497295476239,0.9031237717344514,0.9434324866310162,0.9285316399286988,0.9412043226381461,0.9424948009506833,0.9252715400469692,0.03511946546005551,108,0.8206349206349206,0.9444444444444444,0.9158730158730158,0.926984126984127,0.9380952380952381,0.9206349206349206,0.9412698412698413,0.9154195011337869,0.03994664300874611,84
0.0249521051134382,0.0022454476332852617,0.0034384046282087055,0.0014214995537988682,10,2,2,"{'max_depth': 10, 'min_samples_leaf': 2, 'min_samples_split': 2}",0.8222222222222223,0.8770053475935828,0.7500000000000001,0.8677248677248677,0.8444444444444443,0.8585858585858586,0.8633879781420766,0.8404815312447218,0.0404698742710274,37,0.9455819873102622,0.9680229837728574,0.914465926743903,0.9671624331550802,0.9367201426024956,0.963031045751634,0.9427083333333335,0.9482418360956524,0.018044625003548354,73,0.9492063492063492,0.9634920634920635,0.9301587301587302,0.9603174603174603,0.9555555555555556,0.9555555555555556,0.9603174603174603,0.953514739229025,0.010450538432474302,31
0.02476446969168527,0.0023664667026986504,0.00554483277457101,0.002569665013069207,10,2,5,"{'max_depth': 10, 'min_samples_leaf': 2, 'min_samples_split': 5}",0.8222222222222223,0.8770053475935828,0.7356321839080459,0.851063829787234,0.8314606741573034,0.8387096774193549,0.8444444444444443,0.8286483399331697,0.04121860068901333,44,0.9455819873102622,0.9680229837728574,0.9146062999494656,0.9660204991087344,0.9356989007724301,0.9620376559714795,0.9412043226381462,0.9475960927890537,0.017888768729768363,74,0.9492063492063492,0.9634920634920635,0.926984126984127,0.9555555555555556,0.9523809523809523,0.9523809523809523,0.9555555555555556,0.9507936507936509,0.010563097232518921,32
0.030589069638933455,0.008564135473224923,0.004210233688354492,0.0014886844187623801,10,2,10,"{'max_depth': 10, 'min_samples_leaf': 2, 'min_samples_split': 10}",0.7727272727272727,0.8617021276595743,0.7167630057803468,0.8210526315789474,0.8135593220338982,0.8080808080808081,0.8426966292134831,0.8052259710106187,0.04440647655813463,45,0.9418293436148908,0.967162028112074,0.9115648804956109,0.9607657456922163,0.9354110962566844,0.9568014705882353,0.9410836304218658,0.9449454564545111,0.01737902436101313,78,0.9365079365079365,0.9587301587301588,0.9222222222222223,0.946031746031746,0.9476190476190476,0.9396825396825397,0.9555555555555556,0.943764172335601,0.011441701416365406,39
0.031951768057686944,0.0049263702480269395,0.0059070587158203125,0.0038329110184735257,10,2,15,"{'max_depth': 10, 'min_samples_leaf': 2, 'min_samples_split': 15}",0.7292817679558012,0.8216216216216216,0.6971428571428572,0.7553191489361702,0.782122905027933,0.7722772277227723,0.7932960893854749,0.7644373739703757,0.03840519981083488,55,0.9343053397967397,0.9621553837803439,0.903217353871493,0.9502933749257279,0.9302027629233512,0.949597073677956,0.9406751336898396,0.9386352032379216,0.01755690177868346,103,0.9222222222222223,0.9476190476190476,0.9158730158730158,0.926984126984127,0.9380952380952381,0.926984126984127,0.9412698412698413,0.9312925170068028,0.010484923375688775,48
0.028233902794974192,0.004016213073098724,0.005800826208932059,0.002921855370547562,10,5,2,"{'max_depth': 10, 'min_samples_leaf': 5, 'min_samples_split': 2}",0.7340425531914894,0.6850828729281767,0.7045454545454546,0.7065217391304348,0.7914438502673795,0.6943005181347152,0.7717391304347825,0.7268108740903474,0.037709063405722575,81,0.9234498118999045,0.9431862846019952,0.9393213423421738,0.9481580510992276,0.9599209001782532,0.9449457813428402,0.9619169637551991,0.9458427336027989,0.012034290739646973,75,0.9206349206349206,0.9095238095238095,0.9174603174603174,0.9142857142857143,0.9380952380952381,0.9063492063492063,0.9333333333333333,0.9199546485260771,0.010959678887614132,80
0.03157261439732143,0.010669465987502017,0.0036652428763253348,0.0014379683770285529,10,5,5,"{'max_depth': 10, 'min_samples_leaf': 5, 'min_samples_split': 5}",0.7340425531914894,0.6850828729281767,0.7045454545454546,0.7065217391304348,0.7914438502673795,0.6943005181347152,0.7717391304347825,0.7268108740903474,0.037709063405722575,81,0.9234498118999045,0.9431862846019952,0.9393213423421738,0.9481580510992276,0.9599209001782532,0.9449457813428402,0.9619169637551991,0.9458427336027989,0.012034290739646973,75,0.9206349206349206,0.9095238095238095,0.9174603174603174,0.9142857142857143,0.9380952380952381,0.9063492063492063,0.9333333333333333,0.9199546485260771,0.010959678887614132,80
0.02631105695452009,0.0049295987241287685,0.0036251885550362723,0.0014924373608461489,10,5,10,"{'max_depth': 10, 'min_samples_leaf': 5, 'min_samples_split': 10}",0.7340425531914894,0.6850828729281767,0.7045454545454546,0.7065217391304348,0.7914438502673795,0.6943005181347152,0.7717391304347825,0.7268108740903474,0.037709063405722575,81,0.9234498118999045,0.9431862846019952,0.9393213423421738,0.9481580510992276,0.9599209001782532,0.9449457813428402,0.9619169637551991,0.9458427336027989,0.012034290739646973,75,0.9206349206349206,0.9095238095238095,0.9174603174603174,0.9142857142857143,0.9380952380952381,0.9063492063492063,0.9333333333333333,0.9199546485260771,0.010959678887614132,80
0.027171100888933455,0.005329159316918369,0.006135020937238421,0.004023258555866506,10,5,15,"{'max_depth': 10, 'min_samples_leaf': 5, 'min_samples_split': 15}",0.7165775401069518,0.6742857142857143,0.696629213483146,0.6979166666666667,0.7916666666666666,0.6831683168316831,0.7540983606557378,0.7163346398137953,0.039090946270173586,84,0.9100394916618316,0.9388627898706694,0.9349697729697356,0.9402944890077243,0.94940210932858,0.9375371360665479,0.9570428550207961,0.9383069491322693,0.013570843387137327,104,0.9158730158730158,0.9095238095238095,0.9142857142857143,0.9079365079365079,0.9365079365079365,0.8984126984126984,0.9285714285714286,0.915873015873016,0.011938727057676358,83
0.027433974402291433,0.004617540478188219,0.0033690929412841797,0.0008968367853006207,10,10,2,"{'max_depth': 10, 'min_samples_leaf': 10, 'min_samples_split': 2}",0.6282722513089005,0.6321839080459771,0.6333333333333333,0.6229508196721312,0.6702702702702701,0.6210526315789473,0.670391061452514,0.6397791822374391,0.019756798837835585,109,0.8884500926463157,0.9225420651706002,0.9164405098354825,0.9316417855020797,0.9310383244206774,0.9282159833630422,0.9305741235888294,0.9212718406467183,0.014342224957698494,109,0.8873015873015873,0.8984126984126984,0.8952380952380953,0.8904761904761904,0.9031746031746032,0.8857142857142857,0.9063492063492063,0.8952380952380954,0.007298628997474436,109
0.028144223349434987,0.0035168623535712616,0.0029657908848353793,0.00020626070897682665,10,10,5,"{'max_depth': 10, 'min_samples_leaf': 10, 'min_samples_split': 5}",0.6282722513089005,0.6321839080459771,0.6333333333333333,0.6229508196721312,0.6702702702702701,0.6210526315789473,0.670391061452514,0.6397791822374391,0.019756798837835585,109,0.8884500926463157,0.9225420651706002,0.9164405098354825,0.9316417855020797,0.9310383244206774,0.9282159833630422,0.9305741235888294,0.9212718406467183,0.014342224957698494,109,0.8873015873015873,0.8984126984126984,0.8952380952380953,0.8904761904761904,0.9031746031746032,0.8857142857142857,0.9063492063492063,0.8952380952380954,0.007298628997474436,109
0.028025252478463308,0.00482897619265719,0.004786491394042969,0.001455243439063675,10,10,10,"{'max_depth': 10, 'min_samples_leaf': 10, 'min_samples_split': 10}",0.6282722513089005,0.6321839080459771,0.6333333333333333,0.6229508196721312,0.6702702702702701,0.6210526315789473,0.670391061452514,0.6397791822374391,0.019756798837835585,109,0.8884500926463157,0.9225420651706002,0.9164405098354825,0.9316417855020797,0.9310383244206774,0.9282159833630422,0.9305741235888294,0.9212718406467183,0.014342224957698494,109,0.8873015873015873,0.8984126984126984,0.8952380952380953,0.8904761904761904,0.9031746031746032,0.8857142857142857,0.9063492063492063,0.8952380952380954,0.007298628997474436,109
0.02435316358293806,0.0022501587062183194,0.005631991795131138,0.004709702298342601,10,10,15,"{'max_depth': 10, 'min_samples_leaf': 10, 'min_samples_split': 15}",0.6282722513089005,0.6321839080459771,0.6333333333333333,0.6229508196721312,0.6702702702702701,0.6210526315789473,0.670391061452514,0.6397791822374391,0.019756798837835585,109,0.8884500926463157,0.9225420651706002,0.9164405098354825,0.9316417855020797,0.9310383244206774,0.9282159833630422,0.9305741235888294,0.9212718406467183,0.014342224957698494,109,0.8873015873015873,0.8984126984126984,0.8952380952380953,0.8904761904761904,0.9031746031746032,0.8857142857142857,0.9063492063492063,0.8952380952380954,0.007298628997474436,109
0.03472484861101423,0.005846344534976874,0.005903516496930804,0.003004387377572245,15,1,2,"{'max_depth': 15, 'min_samples_leaf': 1, 'min_samples_split': 2}",0.5904761904761905,0.98,0.9693877551020408,0.9748743718592965,0.9435897435897437,0.9611650485436893,0.9655172413793103,0.9121443358500387,0.13176123663463232,22,0.8481442662224634,0.9842033352673641,0.9839506634973516,0.9846906565656566,0.988998440285205,0.9895554812834225,0.9919321895424837,0.9673535760948495,0.0487505964692439,36,0.7952380952380952,0.9936507936507937,0.9904761904761905,0.9920634920634921,0.9825396825396825,0.9873015873015873,0.9888888888888889,0.9614512471655329,0.06793796110571143,29
0.035346542085920064,0.007943089336923097,0.004855428423200335,0.0014132553894625937,15,1,5,"{'max_depth': 15, 'min_samples_leaf': 1, 'min_samples_split': 5}",0.6052631578947368,0.9696969696969696,0.9533678756476685,0.9494949494949494,0.9166666666666665,0.9560975609756097,0.95,0.900083882910943,0.12127302062852498,24,0.8619289150087031,0.9840910367029141,0.9836137678040016,0.9840964795008913,0.9881907308377897,0.9894069370172311,0.9915051247771836,0.9689761416641022,0.043792736543765094,35,0.8095238095238095,0.9904761904761905,0.9857142857142858,0.9841269841269841,0.9746031746031746,0.9857142857142858,0.9841269841269841,0.9591836734693878,0.061257234881564177,30
0.034130675452096124,0.007491971375388127,0.004200765064784459,0.0017327995758728667,15,1,10,"{'max_depth': 15, 'min_samples_leaf': 1, 'min_samples_split': 10}",0.5562913907284768,0.9246231155778896,0.9072164948453608,0.8855721393034826,0.8631578947368421,0.8780487804878048,0.9313725490196079,0.8494689092427806,0.12186165606289516,36,0.8427352187014543,0.9824346328772764,0.985307604484456,0.9796401515151516,0.9847742127153892,0.9811163101604278,0.9965834818775996,0.9646559446188221,0.05003829769901439,42,0.7873015873015873,0.9761904761904762,0.9714285714285714,0.9634920634920635,0.9587301587301588,0.9603174603174603,0.9777777777777777,0.9421768707482994,0.06361019137406501,45
0.036349671227591376,0.00808311934626729,0.004088980810982841,0.0018040974962274172,15,1,15,"{'max_depth': 15, 'min_samples_leaf': 1, 'min_samples_split': 15}",0.5263157894736842,0.8717948717948718,0.8571428571428571,0.8223350253807108,0.806282722513089,0.832535885167464,0.8514851485148515,0.795413185712504,0.11175433201888363,52,0.8267233150536226,0.9824439910909806,0.9793370641411967,0.9726864230540702,0.9776905080213903,0.98107917409388,0.9884042632204397,0.9583378198107972,0.053912657920880167,61,0.7714285714285715,0.9603174603174603,0.9555555555555556,0.9444444444444444,0.9412698412698413,0.9444444444444444,0.9523809523809523,0.924263038548753,0.06271471004765379,68
0.03543230465480259,0.011180471884221445,0.004132270812988281,0.0014534085530572792,15,2,2,"{'max_depth': 15, 'min_samples_leaf': 2, 'min_samples_split': 2}",0.6596491228070176,0.98,0.9587628865979382,0.9702970297029702,0.9346733668341709,0.9607843137254902,0.9753694581280787,0.9199337396850952,0.10714432584816383,11,0.8873083905744071,0.9841752606262516,0.9840910367029141,0.989453357100416,0.9896204693998812,0.9858975787284611,0.9928977272727273,0.9733491172007227,0.03525279389544363,22,0.846031746031746,0.9936507936507937,0.9873015873015873,0.9904761904761905,0.9793650793650793,0.9873015873015873,0.9920634920634921,0.9680272108843537,0.04998958658741181,6
0.03655900274004255,0.005454160677530982,0.00414729118347168,0.0016392466440044691,15,2,5,"{'max_depth': 15, 'min_samples_leaf': 2, 'min_samples_split': 5}",0.6501766784452297,0.9696969696969696,0.9424083769633509,0.95,0.9175257731958762,0.9556650246305418,0.9494949494949494,0.9049953960609882,0.10505008999816699,23,0.8855116135432068,0.9840442456343934,0.9886297703494358,0.9890262923351159,0.9897040255496138,0.9857583184789068,0.9825367647058824,0.9721730043709363,0.035466858740169575,24,0.8428571428571429,0.9904761904761905,0.9825396825396825,0.9841269841269841,0.9746031746031746,0.9857142857142858,0.9841269841269841,0.9634920634920635,0.0494435071960321,23
0.0331610952104841,0.005848493633894634,0.0052999768938337055,0.0031336783827788216,15,2,10,"{'max_depth': 15, 'min_samples_leaf': 2, 'min_samples_split': 10}",0.8512820512820514,0.9292929292929293,0.9015544041450778,0.8811881188118812,0.8645833333333334,0.8792270531400966,0.92,0.8895896985721956,0.02649811920071011,30,0.9492597652960002,0.9827153792884015,0.985195305920006,0.9836972667855021,0.9864081996434937,0.9818033273915626,0.9871509209744505,0.9794614521856309,0.012458036686176495,6,0.953968253968254,0.9777777777777777,0.9698412698412698,0.9619047619047619,0.9587301587301588,0.9603174603174603,0.9746031746031746,0.9653061224489796,0.008200971120192772,22
0.03505281039646694,0.006287269796114197,0.003706693649291992,0.0010565925608149067,15,2,15,"{'max_depth': 15, 'min_samples_leaf': 2, 'min_samples_split': 15}",0.7918781725888325,0.8717948717948718,0.8512820512820514,0.8059701492537314,0.8144329896907218,0.8365384615384616,0.8499999999999999,0.8316995280212386,0.026444845536028116,43,0.9311048307099141,0.9824439910909806,0.979018884875255,0.9741161616161618,0.9785353535353536,0.9780990047534166,0.9896483214497921,0.9732809354329819,0.017788925494637033,23,0.9349206349206349,0.9603174603174603,0.953968253968254,0.9380952380952381,0.9428571428571428,0.946031746031746,0.9523809523809523,0.9469387755102041,0.008435861785822354,38
0.04817734445844378,0.024255879553484017,0.008898496627807617,0.0073696877054621815,15,5,2,"{'max_depth': 15, 'min_samples_leaf': 5, 'min_samples_split': 2}",0.7575757575757575,0.7357512953367875,0.7513227513227512,0.7165775401069518,0.806122448979592,0.7389162561576355,0.7918781725888325,0.7568777460097583,0.029458116633080532,71,0.9058095790675476,0.9677235209343241,0.9730857773868125,0.9728535353535354,0.9788881461675579,0.9674688057040999,0.9782382650029708,0.9634382328024069,0.02389003007337553,43,0.9238095238095239,0.919047619047619,0.9253968253968254,0.9158730158730158,0.9396825396825397,0.9158730158730158,0.9349206349206349,0.9249433106575964,0.00859885951286103,50
0.03482743671962193,0.00537583964525411,0.003829887935093471,0.0012698590260319946,15,5,5,"{'max_depth': 15, 'min_samples_leaf': 5, 'min_samples_split': 5}",0.7575757575757575,0.7357512953367875,0.7513227513227512,0.7165775401069518,0.806122448979592,0.7389162561576355,0.7918781725888325,0.7568777460097583,0.029458116633080532,71,0.9058095790675476,0.9677235209343241,0.9730857773868125,0.9728535353535354,0.9788881461675579,0.9674688057040999,0.9782382650029708,0.9634382328024069,0.02389003007337553,43,0.9238095238095239,0.919047619047619,0.9253968253968254,0.9158730158730158,0.9396825396825397,0.9158730158730158,0.9349206349206349,0.9249433106575964,0.00859885951286103,50
0.031219754900251116,0.005055154388346983,0.003684077944074358,0.0020558900944430266,15,5,10,"{'max_depth': 15, 'min_samples_leaf': 5, 'min_samples_split': 10}",0.7575757575757575,0.7357512953367875,0.7513227513227512,0.7165775401069518,0.806122448979592,0.7389162561576355,0.7918781725888325,0.7568777460097583,0.029458116633080532,71,0.9058095790675476,0.9677235209343241,0.9730857773868125,0.9728535353535354,0.9788881461675579,0.9674688057040999,0.9782382650029708,0.9634382328024069,0.02389003007337553,43,0.9238095238095239,0.919047619047619,0.9253968253968254,0.9158730158730158,0.9396825396825397,0.9158730158730158,0.9349206349206349,0.9249433106575964,0.00859885951286103,50
0.03184614862714495,0.003354581477409471,0.0028636796133858816,0.00014123889422794266,15,5,15,"{'max_depth': 15, 'min_samples_leaf': 5, 'min_samples_split': 15}",0.7448979591836735,0.723404255319149,0.7351351351351353,0.7200000000000001,0.8,0.7203791469194314,0.7835051546391751,0.7467602358852236,0.02995436168347508,79,0.8980048288382714,0.9630631305096482,0.9673211177450448,0.9634488265002971,0.9850527332144979,0.9599951723113489,0.9695112893642305,0.9580567283547626,0.025662499439956445,62,0.9206349206349206,0.9174603174603174,0.9222222222222223,0.9111111111111111,0.9365079365079365,0.9063492063492063,0.9333333333333333,0.9210884353741496,0.010135826139966907,74
0.028073549270629883,0.003267651897386467,0.00472184589930943,0.002141262963563808,15,10,2,"{'max_depth': 15, 'min_samples_leaf': 10, 'min_samples_split': 2}",0.6455026455026455,0.6739130434782609,0.6595744680851064,0.6595744680851063,0.6947368421052633,0.67,0.6956521739130435,0.6712790915956324,0.01728462807849954,85,0.9043964887982181,0.9446929570083662,0.9355406240056898,0.9485943998811646,0.9497177658942365,0.9514631610219846,0.9479816547831255,0.9403410073418266,0.015455537355226626,99,0.8936507936507937,0.9047619047619048,0.8984126984126984,0.8984126984126984,0.9079365079365079,0.8952380952380953,0.9111111111111111,0.9013605442176872,0.006143409153806811,85
0.030624117170061384,0.004957952852250957,0.005596569606236049,0.004239444518954046,15,10,5,"{'max_depth': 15, 'min_samples_leaf': 10, 'min_samples_split': 5}",0.6455026455026455,0.6739130434782609,0.6595744680851064,0.6595744680851063,0.6947368421052633,0.67,0.6956521739130435,0.6712790915956324,0.01728462807849954,85,0.9043964887982181,0.9446929570083662,0.9355406240056898,0.9485943998811646,0.9497177658942365,0.9514631610219846,0.9479816547831255,0.9403410073418266,0.015455537355226626,99,0.8936507936507937,0.9047619047619048,0.8984126984126984,0.8984126984126984,0.9079365079365079,0.8952380952380953,0.9111111111111111,0.9013605442176872,0.006143409153806811,85
0.029936586107526506,0.003710669331968201,0.005283526011875698,0.001704994082221172,15,10,10,"{'max_depth': 15, 'min_samples_leaf': 10, 'min_samples_split': 10}",0.6455026455026455,0.6739130434782609,0.6595744680851064,0.6595744680851063,0.6947368421052633,0.67,0.6956521739130435,0.6712790915956324,0.01728462807849954,85,0.9043964887982181,0.9446929570083662,0.9355406240056898,0.9485943998811646,0.9497177658942365,0.9514631610219846,0.9479816547831255,0.9403410073418266,0.015455537355226626,99,0.8936507936507937,0.9047619047619048,0.8984126984126984,0.8984126984126984,0.9079365079365079,0.8952380952380953,0.9111111111111111,0.9013605442176872,0.006143409153806811,85
0.02979731559753418,0.004523238829737131,0.0049288272857666016,0.0025209226830287344,15,10,15,"{'max_depth': 15, 'min_samples_leaf': 10, 'min_samples_split': 15}",0.6455026455026455,0.6739130434782609,0.6595744680851064,0.6595744680851063,0.6947368421052633,0.67,0.6956521739130435,0.6712790915956324,0.01728462807849954,85,0.9043964887982181,0.9446929570083662,0.9355406240056898,0.9485943998811646,0.9497177658942365,0.9514631610219846,0.9479816547831255,0.9403410073418266,0.015455537355226626,99,0.8936507936507937,0.9047619047619048,0.8984126984126984,0.8984126984126984,0.9079365079365079,0.8952380952380953,0.9111111111111111,0.9013605442176872,0.006143409153806811,85
0.03320176260811942,0.0059760505174910475,0.006125961031232562,0.004132502703605236,20,1,2,"{'max_depth': 20, 'min_samples_leaf': 1, 'min_samples_split': 2}",0.6012658227848102,0.98,0.99,0.9850746268656716,0.9852216748768472,0.970873786407767,0.9855072463768115,0.9282775939017011,0.1336198024279638,6,0.8568754796084523,0.9842033352673641,0.9900990099009901,0.9852941176470589,0.9892491087344029,0.9864081996434938,0.9971590909090908,0.9698983345301219,0.046312715240572545,30,0.8,0.9936507936507937,0.9968253968253968,0.9952380952380953,0.9952380952380953,0.9904761904761905,0.9952380952380953,0.9666666666666667,0.06806650414697733,7
0.03441967282976423,0.0075621933520454545,0.004727840423583984,0.002522777651883341,20,1,5,"{'max_depth': 20, 'min_samples_leaf': 1, 'min_samples_split': 5}",0.611842105263158,0.9696969696969696,0.9693877551020408,0.9651741293532337,0.9547738693467337,0.9611650485436893,0.9651741293532337,0.9138877152370084,0.12340056390305827,17,0.8658967976192704,0.9840910367029141,0.9898556963446817,0.985034165181224,0.9888220439691028,0.9902053624480095,0.9880886066547832,0.9702848155599979,0.04267060668411615,25,0.8126984126984127,0.9904761904761905,0.9904761904761905,0.9888888888888889,0.9857142857142858,0.9873015873015873,0.9888888888888889,0.9634920634920635,0.061581223254764776,23
0.03446905953543527,0.0033238342827949102,0.0033030169350760324,0.0008104873734677178,20,1,10,"{'max_depth': 20, 'min_samples_leaf': 1, 'min_samples_split': 10}",0.5592105263157895,0.9246231155778896,0.9128205128205128,0.8811881188118812,0.8808290155440415,0.875,0.9313725490196079,0.8521491197271033,0.12142653975276028,31,0.8433435025922251,0.9824346328772764,0.9865428886934063,0.9797144236482472,0.9858325906120025,0.9867052881758764,0.9919321895424837,0.9652150737345025,0.049878445823863256,37,0.7873015873015873,0.9761904761904762,0.973015873015873,0.9619047619047619,0.9634920634920635,0.9587301587301588,0.9777777777777777,0.9426303854875284,0.06378294237369311,40
0.03137789453778948,0.003451045829778511,0.00505443981715611,0.002692125404283901,20,1,15,"{'max_depth': 20, 'min_samples_leaf': 1, 'min_samples_split': 15}",0.5294117647058824,0.8717948717948718,0.8629441624365483,0.8181818181818182,0.8186528497409328,0.8229665071770335,0.8514851485148515,0.7964910175074198,0.11090856070198182,47,0.827415822867731,0.9824439910909806,0.9806097812049636,0.9717951574569221,0.9789531342840168,0.9770963309566251,0.983957219251337,0.9574673481589394,0.05322021566884661,68,0.7714285714285715,0.9603174603174603,0.9571428571428572,0.9428571428571428,0.9444444444444444,0.9412698412698413,0.9523809523809523,0.924263038548753,0.06276060686198653,68
0.028338262013026645,0.00392589920179567,0.004880530493600028,0.002141327965640277,20,2,2,"{'max_depth': 20, 'min_samples_leaf': 2, 'min_samples_split': 2}",0.6713286713286714,0.98,0.9693877551020408,0.9803921568627451,0.96,0.970873786407767,0.9901960784313726,0.9317397783046566,0.10668690338410575,1,0.8910329596286661,0.9841752606262516,0.9898744127720901,0.990084670231729,0.9925820707070707,0.986352495543672,0.9941325014854426,0.9754620529992747,0.03461215978584158,7,0.8507936507936508,0.9936507936507937,0.9904761904761905,0.9936507936507937,0.9873015873015873,0.9904761904761905,0.9968253968253968,0.9718820861678006,0.049514173474670964,1
0.03231453895568848,0.004866157451049045,0.00520913941519601,0.002477739752065386,20,2,5,"{'max_depth': 20, 'min_samples_leaf': 2, 'min_samples_split': 5}",0.657243816254417,0.9696969696969696,0.9479166666666667,0.9603960396039604,0.9441624365482234,0.9607843137254902,0.9651741293532337,0.9150534816927086,0.10558570684678387,12,0.8883845851503864,0.9840442456343934,0.9893503528046566,0.9897133095662508,0.9920807338086749,0.9862039512774807,0.9880886066547832,0.9739808264138036,0.03502603763104436,12,0.846031746031746,0.9904761904761905,0.9841269841269841,0.9873015873015873,0.9825396825396825,0.9873015873015873,0.9888888888888889,0.9666666666666667,0.04931229907301125,7
0.03829765319824219,0.017488557314738393,0.007889270782470703,0.007288904453467102,20,2,10,"{'max_depth': 20, 'min_samples_leaf': 2, 'min_samples_split': 10}",0.8527918781725888,0.9292929292929293,0.9072164948453608,0.8878048780487806,0.8717948717948718,0.8792270531400966,0.9253731343283583,0.8933573199461409,0.026320674671557884,25,0.9515057365850006,0.9827153792884015,0.9862527840685771,0.9844771241830065,0.9883299910873441,0.9823603683897801,0.9875872697563874,0.9804612361940711,0.012008781684497243,1,0.953968253968254,0.9777777777777777,0.9714285714285714,0.9634920634920635,0.9603174603174603,0.9603174603174603,0.9761904761904762,0.9662131519274376,0.008343931742845367,17
0.035127605710710795,0.008295136987013747,0.00512521607535226,0.003032047243890409,20,2,15,"{'max_depth': 20, 'min_samples_leaf': 2, 'min_samples_split': 15}",0.7939698492462313,0.8717948717948718,0.8571428571428571,0.801980198019802,0.8144329896907218,0.8309178743961353,0.86,0.8328912343272313,0.028413997356453075,38,0.9338187126841229,0.9824439910909806,0.9801512287334594,0.9730299316696376,0.9774955436720143,0.9779968805704099,0.990975935828877,0.9737017463213574,0.017072823323834196,17,0.9349206349206349,0.9603174603174603,0.9555555555555556,0.9365079365079365,0.9428571428571428,0.9444444444444444,0.9555555555555556,0.9471655328798186,0.00928321518841667,33
0.030145917619977678,0.007530723939124573,0.003764901842389788,0.0016145202083317916,20,5,2,"{'max_depth': 20, 'min_samples_leaf': 5, 'min_samples_split': 2}",0.7575757575757575,0.7357512953367875,0.7513227513227512,0.7157894736842105,0.7999999999999999,0.7475728155339806,0.793969849246231,0.7574259918142454,0.02799425669536762,56,0.9057159969305058,0.9677235209343241,0.9730857773868125,0.9721200980392157,0.9785260695187166,0.9683229352346999,0.9785353535353536,0.9634328216542326,0.023898882499321757,46,0.9238095238095239,0.919047619047619,0.9253968253968254,0.9142857142857143,0.9380952380952381,0.9174603174603174,0.9349206349206349,0.9247165532879819,0.008263431817817975,53
0.030710084097726003,0.00542239999955533,0.0034575462341308594,0.0009815539312813986,20,5,5,"{'max_depth': 20, 'min_samples_leaf': 5, 'min_samples_split': 5}",0.7575757575757575,0.7357512953367875,0.7513227513227512,0.7157894736842105,0.7999999999999999,0.7475728155339806,0.793969849246231,0.7574259918142454,0.02799425669536762,56,0.9057159969305058,0.9677235209343241,0.9730857773868125,0.9721200980392157,0.9785260695187166,0.9683229352346999,0.9785353535353536,0.9634328216542326,0.023898882499321757,46,0.9238095238095239,0.919047619047619,0.9253968253968254,0.9142857142857143,0.9380952380952381,0.9174603174603174,0.9349206349206349,0.9247165532879819,0.008263431817817975,53
0.029533420290265764,0.004137467974699879,0.005218131201607841,0.002442240172989882,20,5,10,"{'max_depth': 20, 'min_samples_leaf': 5, 'min_samples_split': 10}",0.7575757575757575,0.7357512953367875,0.7513227513227512,0.7157894736842105,0.7999999999999999,0.7475728155339806,0.793969849246231,0.7574259918142454,0.02799425669536762,56,0.9057159969305058,0.9677235209343241,0.9730857773868125,0.9721200980392157,0.9785260695187166,0.9683229352346999,0.9785353535353536,0.9634328216542326,0.023898882499321757,46,0.9238095238095239,0.919047619047619,0.9253968253968254,0.9142857142857143,0.9380952380952381,0.9174603174603174,0.9349206349206349,0.9247165532879819,0.008263431817817975,53
0.030366182327270508,0.0026871987509259143,0.004181998116629464,0.0013821593373119308,20,5,15,"{'max_depth': 20, 'min_samples_leaf': 5, 'min_samples_split': 15}",0.7422680412371134,0.723404255319149,0.7351351351351353,0.7164179104477613,0.8,0.7255813953488373,0.7857142857142858,0.7469315747431831,0.030288398509471754,74,0.8959740964644669,0.9630631305096482,0.9673211177450448,0.9632445781342841,0.9850527332144978,0.9603758169934641,0.9697341057635176,0.9578236541178462,0.02635527398974082,63,0.9206349206349206,0.9174603174603174,0.9222222222222223,0.9095238095238095,0.9365079365079365,0.9063492063492063,0.9333333333333333,0.9208616780045352,0.010371516214085514,75
0.028330530439104353,0.002581377321305399,0.0038439886910574777,0.0018687791207242317,20,10,2,"{'max_depth': 20, 'min_samples_leaf': 10, 'min_samples_split': 2}",0.649214659685864,0.6739130434782609,0.6595744680851064,0.6559139784946236,0.6839378238341969,0.67,0.6956521739130435,0.6697437353558708,0.015148254296023287,89,0.9094405659847647,0.9446929570083662,0.9355406240056898,0.9492442810457516,0.9481023469994059,0.9516581253713607,0.9493928253119429,0.941153103675326,0.013844664593454835,79,0.8936507936507937,0.9047619047619048,0.8984126984126984,0.8984126984126984,0.9031746031746032,0.8952380952380953,0.9111111111111111,0.9006802721088436,0.005618826164790849,89
0.02433170591081892,0.0021508544451112844,0.0031445366995675223,0.0011544316261345986,20,10,5,"{'max_depth': 20, 'min_samples_leaf': 10, 'min_samples_split': 5}",0.649214659685864,0.6739130434782609,0.6595744680851064,0.6559139784946236,0.6839378238341969,0.67,0.6956521739130435,0.6697437353558708,0.015148254296023287,89,0.9094405659847647,0.9446929570083662,0.9355406240056898,0.9492442810457516,0.9481023469994059,0.9516581253713607,0.9493928253119429,0.941153103675326,0.013844664593454835,79,0.8936507936507937,0.9047619047619048,0.8984126984126984,0.8984126984126984,0.9031746031746032,0.8952380952380953,0.9111111111111111,0.9006802721088436,0.005618826164790849,89
0.02682352066040039,0.003252190704565213,0.0036636761256626676,0.0013542971228873916,20,10,10,"{'max_depth': 20, 'min_samples_leaf': 10, 'min_samples_split': 10}",0.649214659685864,0.6739130434782609,0.6595744680851064,0.6559139784946236,0.6839378238341969,0.67,0.6956521739130435,0.6697437353558708,0.015148254296023287,89,0.9094405659847647,0.9446929570083662,0.9355406240056898,0.9492442810457516,0.9481023469994059,0.9516581253713607,0.9493928253119429,0.941153103675326,0.013844664593454835,79,0.8936507936507937,0.9047619047619048,0.8984126984126984,0.8984126984126984,0.9031746031746032,0.8952380952380953,0.9111111111111111,0.9006802721088436,0.005618826164790849,89
0.028544698442731584,0.005575610090753109,0.004762615476335798,0.001813950662334931,20,10,15,"{'max_depth': 20, 'min_samples_leaf': 10, 'min_samples_split': 15}",0.649214659685864,0.6739130434782609,0.6595744680851064,0.6559139784946236,0.6839378238341969,0.67,0.6956521739130435,0.6697437353558708,0.015148254296023287,89,0.9094405659847647,0.9446929570083662,0.9355406240056898,0.9492442810457516,0.9481023469994059,0.9516581253713607,0.9493928253119429,0.941153103675326,0.013844664593454835,79,0.8936507936507937,0.9047619047619048,0.8984126984126984,0.8984126984126984,0.9031746031746032,0.8952380952380953,0.9111111111111111,0.9006802721088436,0.005618826164790849,89
0.03293834413800921,0.005341969628571548,0.004389558519635882,0.0016060603208129336,25,1,2,"{'max_depth': 25, 'min_samples_leaf': 1, 'min_samples_split': 2}",0.6012658227848102,0.98,0.99,0.9850746268656716,0.9852216748768472,0.970873786407767,0.9855072463768115,0.9282775939017011,0.1336198024279638,6,0.8568754796084523,0.9842033352673641,0.9900990099009901,0.9852941176470589,0.9892491087344029,0.9864081996434938,0.9971590909090908,0.9698983345301219,0.046312715240572545,30,0.8,0.9936507936507937,0.9968253968253968,0.9952380952380953,0.9952380952380953,0.9904761904761905,0.9952380952380953,0.9666666666666667,0.06806650414697733,7
0.03282655988420759,0.004173637475411368,0.004843371255057198,0.001624118715018202,25,1,5,"{'max_depth': 25, 'min_samples_leaf': 1, 'min_samples_split': 5}",0.611842105263158,0.9696969696969696,0.9693877551020408,0.9651741293532337,0.9547738693467337,0.9611650485436893,0.9651741293532337,0.9138877152370084,0.12340056390305827,17,0.8658967976192704,0.9840910367029141,0.9898556963446817,0.985034165181224,0.9888220439691028,0.9902053624480095,0.9880886066547832,0.9702848155599979,0.04267060668411615,25,0.8126984126984127,0.9904761904761905,0.9904761904761905,0.9888888888888889,0.9857142857142858,0.9873015873015873,0.9888888888888889,0.9634920634920635,0.061581223254764776,23
0.02998079572405134,0.0020498851270316066,0.0032857145581926617,0.0014496591663407624,25,1,10,"{'max_depth': 25, 'min_samples_leaf': 1, 'min_samples_split': 10}",0.5592105263157895,0.9246231155778896,0.9128205128205128,0.8811881188118812,0.8808290155440415,0.875,0.9313725490196079,0.8521491197271033,0.12142653975276028,31,0.8433435025922251,0.9824346328772764,0.9865428886934063,0.9797144236482472,0.9858325906120025,0.9867052881758764,0.9919321895424837,0.9652150737345025,0.049878445823863256,37,0.7873015873015873,0.9761904761904762,0.973015873015873,0.9619047619047619,0.9634920634920635,0.9587301587301588,0.9777777777777777,0.9426303854875284,0.06378294237369311,40
0.03022834232875279,0.004895660032224105,0.003356456756591797,0.0009813951991291415,25,1,15,"{'max_depth': 25, 'min_samples_leaf': 1, 'min_samples_split': 15}",0.5294117647058824,0.8717948717948718,0.8629441624365483,0.8181818181818182,0.8186528497409328,0.8229665071770335,0.8514851485148515,0.7964910175074198,0.11090856070198182,47,0.827415822867731,0.9824439910909806,0.9806097812049636,0.9717951574569221,0.9789531342840168,0.9770963309566251,0.983957219251337,0.9574673481589394,0.05322021566884661,68,0.7714285714285715,0.9603174603174603,0.9571428571428572,0.9428571428571428,0.9444444444444444,0.9412698412698413,0.9523809523809523,0.924263038548753,0.06276060686198653,68
0.03395703860691616,0.004888535025015591,0.0038563523973737445,0.0018552736020744677,25,2,2,"{'max_depth': 25, 'min_samples_leaf': 2, 'min_samples_split': 2}",0.6713286713286714,0.98,0.9693877551020408,0.9803921568627451,0.96,0.970873786407767,0.9901960784313726,0.9317397783046566,0.10668690338410575,1,0.8910329596286661,0.9841752606262516,0.9898744127720901,0.990084670231729,0.9925820707070707,0.986352495543672,0.9941325014854426,0.9754620529992747,0.03461215978584158,7,0.8507936507936508,0.9936507936507937,0.9904761904761905,0.9936507936507937,0.9873015873015873,0.9904761904761905,0.9968253968253968,0.9718820861678006,0.049514173474670964,1
0.03267111097063337,0.0046521390528130365,0.002976928438459124,0.0005955676530209431,25,2,5,"{'max_depth': 25, 'min_samples_leaf': 2, 'min_samples_split': 5}",0.657243816254417,0.9696969696969696,0.9479166666666667,0.9603960396039604,0.9441624365482234,0.9607843137254902,0.9651741293532337,0.9150534816927086,0.10558570684678387,12,0.8883845851503864,0.9840442456343934,0.9893503528046566,0.9897133095662508,0.9920807338086749,0.9862039512774807,0.9880886066547832,0.9739808264138036,0.03502603763104436,12,0.846031746031746,0.9904761904761905,0.9841269841269841,0.9873015873015873,0.9825396825396825,0.9873015873015873,0.9888888888888889,0.9666666666666667,0.04931229907301125,7
0.031646524156842916,0.004565536098915023,0.006442512784685407,0.002427740205721475,25,2,10,"{'max_depth': 25, 'min_samples_leaf': 2, 'min_samples_split': 10}",0.8527918781725888,0.9292929292929293,0.9072164948453608,0.8878048780487806,0.8717948717948718,0.8792270531400966,0.9253731343283583,0.8933573199461409,0.026320674671557884,25,0.9515057365850006,0.9827153792884015,0.9862527840685771,0.9844771241830065,0.9883299910873441,0.9823603683897801,0.9875872697563874,0.9804612361940711,0.012008781684497243,1,0.953968253968254,0.9777777777777777,0.9714285714285714,0.9634920634920635,0.9603174603174603,0.9603174603174603,0.9761904761904762,0.9662131519274376,0.008343931742845367,17
0.029388700212751116,0.001979192982325996,0.004644462040492466,0.002157792205959138,25,2,15,"{'max_depth': 25, 'min_samples_leaf': 2, 'min_samples_split': 15}",0.7939698492462313,0.8717948717948718,0.8571428571428571,0.801980198019802,0.8144329896907218,0.8309178743961353,0.86,0.8328912343272313,0.028413997356453075,38,0.9338187126841229,0.9824439910909806,0.9801512287334594,0.9730299316696376,0.9774955436720143,0.9779968805704099,0.990975935828877,0.9737017463213574,0.017072823323834196,17,0.9349206349206349,0.9603174603174603,0.9555555555555556,0.9365079365079365,0.9428571428571428,0.9444444444444444,0.9555555555555556,0.9471655328798186,0.00928321518841667,33
0.02941696984427316,0.004291740406319892,0.0034112249101911274,0.0014578372107842577,25,5,2,"{'max_depth': 25, 'min_samples_leaf': 5, 'min_samples_split': 2}",0.7575757575757575,0.7357512953367875,0.7513227513227512,0.7157894736842105,0.7999999999999999,0.7475728155339806,0.793969849246231,0.7574259918142454,0.02799425669536762,56,0.9057159969305058,0.9677235209343241,0.9730857773868125,0.9721200980392157,0.9785260695187166,0.9683229352346999,0.9785353535353536,0.9634328216542326,0.023898882499321757,46,0.9238095238095239,0.919047619047619,0.9253968253968254,0.9142857142857143,0.9380952380952381,0.9174603174603174,0.9349206349206349,0.9247165532879819,0.008263431817817975,53
0.030422891889299666,0.0054774496252874985,0.003674404961722238,0.0012256061370863778,25,5,5,"{'max_depth': 25, 'min_samples_leaf': 5, 'min_samples_split': 5}",0.7575757575757575,0.7357512953367875,0.7513227513227512,0.7157894736842105,0.7999999999999999,0.7475728155339806,0.793969849246231,0.7574259918142454,0.02799425669536762,56,0.9057159969305058,0.9677235209343241,0.9730857773868125,0.9721200980392157,0.9785260695187166,0.9683229352346999,0.9785353535353536,0.9634328216542326,0.023898882499321757,46,0.9238095238095239,0.919047619047619,0.9253968253968254,0.9142857142857143,0.9380952380952381,0.9174603174603174,0.9349206349206349,0.9247165532879819,0.008263431817817975,53
0.029871293476649692,0.004956015419537653,0.003691026142665318,0.002043182968159649,25,5,10,"{'max_depth': 25, 'min_samples_leaf': 5, 'min_samples_split': 10}",0.7575757575757575,0.7357512953367875,0.7513227513227512,0.7157894736842105,0.7999999999999999,0.7475728155339806,0.793969849246231,0.7574259918142454,0.02799425669536762,56,0.9057159969305058,0.9677235209343241,0.9730857773868125,0.9721200980392157,0.9785260695187166,0.9683229352346999,0.9785353535353536,0.9634328216542326,0.023898882499321757,46,0.9238095238095239,0.919047619047619,0.9253968253968254,0.9142857142857143,0.9380952380952381,0.9174603174603174,0.9349206349206349,0.9247165532879819,0.008263431817817975,53
0.02788959230695452,0.005690521329716424,0.0032772677285330637,0.0015436507938331413,25,5,15,"{'max_depth': 25, 'min_samples_leaf': 5, 'min_samples_split': 15}",0.7422680412371134,0.723404255319149,0.7351351351351353,0.7164179104477613,0.8,0.7255813953488373,0.7857142857142858,0.7469315747431831,0.030288398509471754,74,0.8959740964644669,0.9630631305096482,0.9673211177450448,0.9632445781342841,0.9850527332144978,0.9603758169934641,0.9697341057635176,0.9578236541178462,0.02635527398974082,63,0.9206349206349206,0.9174603174603174,0.9222222222222223,0.9095238095238095,0.9365079365079365,0.9063492063492063,0.9333333333333333,0.9208616780045352,0.010371516214085514,75
0.026771136692592075,0.0028573248944702267,0.0033065591539655414,0.0015152723708195981,25,10,2,"{'max_depth': 25, 'min_samples_leaf': 10, 'min_samples_split': 2}",0.649214659685864,0.6739130434782609,0.6595744680851064,0.6559139784946236,0.6839378238341969,0.67,0.6956521739130435,0.6697437353558708,0.015148254296023287,89,0.9094405659847647,0.9446929570083662,0.9355406240056898,0.9492442810457516,0.9481023469994059,0.9516581253713607,0.9493928253119429,0.941153103675326,0.013844664593454835,79,0.8936507936507937,0.9047619047619048,0.8984126984126984,0.8984126984126984,0.9031746031746032,0.8952380952380953,0.9111111111111111,0.9006802721088436,0.005618826164790849,89
0.02951867239815848,0.005830146276794052,0.01684600966317313,0.030649645655241274,25,10,5,"{'max_depth': 25, 'min_samples_leaf': 10, 'min_samples_split': 5}",0.649214659685864,0.6739130434782609,0.6595744680851064,0.6559139784946236,0.6839378238341969,0.67,0.6956521739130435,0.6697437353558708,0.015148254296023287,89,0.9094405659847647,0.9446929570083662,0.9355406240056898,0.9492442810457516,0.9481023469994059,0.9516581253713607,0.9493928253119429,0.941153103675326,0.013844664593454835,79,0.8936507936507937,0.9047619047619048,0.8984126984126984,0.8984126984126984,0.9031746031746032,0.8952380952380953,0.9111111111111111,0.9006802721088436,0.005618826164790849,89
0.028608015605381558,0.003872713093776674,0.0030944006783621652,0.0007337855853843489,25,10,10,"{'max_depth': 25, 'min_samples_leaf': 10, 'min_samples_split': 10}",0.649214659685864,0.6739130434782609,0.6595744680851064,0.6559139784946236,0.6839378238341969,0.67,0.6956521739130435,0.6697437353558708,0.015148254296023287,89,0.9094405659847647,0.9446929570083662,0.9355406240056898,0.9492442810457516,0.9481023469994059,0.9516581253713607,0.9493928253119429,0.941153103675326,0.013844664593454835,79,0.8936507936507937,0.9047619047619048,0.8984126984126984,0.8984126984126984,0.9031746031746032,0.8952380952380953,0.9111111111111111,0.9006802721088436,0.005618826164790849,89
0.02889152935573033,0.002874926010020659,0.0028635774339948383,0.00032389742717282995,25,10,15,"{'max_depth': 25, 'min_samples_leaf': 10, 'min_samples_split': 15}",0.649214659685864,0.6739130434782609,0.6595744680851064,0.6559139784946236,0.6839378238341969,0.67,0.6956521739130435,0.6697437353558708,0.015148254296023287,89,0.9094405659847647,0.9446929570083662,0.9355406240056898,0.9492442810457516,0.9481023469994059,0.9516581253713607,0.9493928253119429,0.941153103675326,0.013844664593454835,79,0.8936507936507937,0.9047619047619048,0.8984126984126984,0.8984126984126984,0.9031746031746032,0.8952380952380953,0.9111111111111111,0.9006802721088436,0.005618826164790849,89
0.03497927529471261,0.004777756188527573,0.004874638148716518,0.0015781923853601728,30,1,2,"{'max_depth': 30, 'min_samples_leaf': 1, 'min_samples_split': 2}",0.6012658227848102,0.98,0.99,0.9850746268656716,0.9852216748768472,0.970873786407767,0.9855072463768115,0.9282775939017011,0.1336198024279638,6,0.8568754796084523,0.9842033352673641,0.9900990099009901,0.9852941176470589,0.9892491087344029,0.9864081996434938,0.9971590909090908,0.9698983345301219,0.046312715240572545,30,0.8,0.9936507936507937,0.9968253968253968,0.9952380952380953,0.9952380952380953,0.9904761904761905,0.9952380952380953,0.9666666666666667,0.06806650414697733,7
0.03354161126273019,0.001890023676110468,0.005240133830479213,0.0017884581041698454,30,1,5,"{'max_depth': 30, 'min_samples_leaf': 1, 'min_samples_split': 5}",0.611842105263158,0.9696969696969696,0.9693877551020408,0.9651741293532337,0.9547738693467337,0.9611650485436893,0.9651741293532337,0.9138877152370084,0.12340056390305827,17,0.8658967976192704,0.9840910367029141,0.9898556963446817,0.985034165181224,0.9888220439691028,0.9902053624480095,0.9880886066547832,0.9702848155599979,0.04267060668411615,25,0.8126984126984127,0.9904761904761905,0.9904761904761905,0.9888888888888889,0.9857142857142858,0.9873015873015873,0.9888888888888889,0.9634920634920635,0.061581223254764776,23
0.03353932925633022,0.004410543887256096,0.002984694072178432,0.00042661900006875304,30,1,10,"{'max_depth': 30, 'min_samples_leaf': 1, 'min_samples_split': 10}",0.5592105263157895,0.9246231155778896,0.9128205128205128,0.8811881188118812,0.8808290155440415,0.875,0.9313725490196079,0.8521491197271033,0.12142653975276028,31,0.8433435025922251,0.9824346328772764,0.9865428886934063,0.9797144236482472,0.9858325906120025,0.9867052881758764,0.9919321895424837,0.9652150737345025,0.049878445823863256,37,0.7873015873015873,0.9761904761904762,0.973015873015873,0.9619047619047619,0.9634920634920635,0.9587301587301588,0.9777777777777777,0.9426303854875284,0.06378294237369311,40
0.03261848858424595,0.0030873500758699358,0.004547323499407087,0.0016900273569999643,30,1,15,"{'max_depth': 30, 'min_samples_leaf': 1, 'min_samples_split': 15}",0.5294117647058824,0.8717948717948718,0.8629441624365483,0.8181818181818182,0.8186528497409328,0.8229665071770335,0.8514851485148515,0.7964910175074198,0.11090856070198182,47,0.827415822867731,0.9824439910909806,0.9806097812049636,0.9717951574569221,0.9789531342840168,0.9770963309566251,0.983957219251337,0.9574673481589394,0.05322021566884661,68,0.7714285714285715,0.9603174603174603,0.9571428571428572,0.9428571428571428,0.9444444444444444,0.9412698412698413,0.9523809523809523,0.924263038548753,0.06276060686198653,68
0.032628468104771206,0.005478568052934323,0.003507852554321289,0.0018431251165974506,30,2,2,"{'max_depth': 30, 'min_samples_leaf': 2, 'min_samples_split': 2}",0.6713286713286714,0.98,0.9693877551020408,0.9803921568627451,0.96,0.970873786407767,0.9901960784313726,0.9317397783046566,0.10668690338410575,1,0.8910329596286661,0.9841752606262516,0.9898744127720901,0.990084670231729,0.9925820707070707,0.986352495543672,0.9941325014854426,0.9754620529992747,0.03461215978584158,7,0.8507936507936508,0.9936507936507937,0.9904761904761905,0.9936507936507937,0.9873015873015873,0.9904761904761905,0.9968253968253968,0.9718820861678006,0.049514173474670964,1
0.032462937491280694,0.004348894116542941,0.003414154052734375,0.001110671891516241,30,2,5,"{'max_depth': 30, 'min_samples_leaf': 2, 'min_samples_split': 5}",0.657243816254417,0.9696969696969696,0.9479166666666667,0.9603960396039604,0.9441624365482234,0.9607843137254902,0.9651741293532337,0.9150534816927086,0.10558570684678387,12,0.8883845851503864,0.9840442456343934,0.9893503528046566,0.9897133095662508,0.9920807338086749,0.9862039512774807,0.9880886066547832,0.9739808264138036,0.03502603763104436,12,0.846031746031746,0.9904761904761905,0.9841269841269841,0.9873015873015873,0.9825396825396825,0.9873015873015873,0.9888888888888889,0.9666666666666667,0.04931229907301125,7
0.029385737010410855,0.0038432235928235075,0.003382308142525809,0.0012258598814370567,30,2,10,"{'max_depth': 30, 'min_samples_leaf': 2, 'min_samples_split': 10}",0.8527918781725888,0.9292929292929293,0.9072164948453608,0.8878048780487806,0.8717948717948718,0.8792270531400966,0.9253731343283583,0.8933573199461409,0.026320674671557884,25,0.9515057365850006,0.9827153792884015,0.9862527840685771,0.9844771241830065,0.9883299910873441,0.9823603683897801,0.9875872697563874,0.9804612361940711,0.012008781684497243,1,0.953968253968254,0.9777777777777777,0.9714285714285714,0.9634920634920635,0.9603174603174603,0.9603174603174603,0.9761904761904762,0.9662131519274376,0.008343931742845367,17
0.031768662588936944,0.004550258015958818,0.004845755440848214,0.003363043445591243,30,2,15,"{'max_depth': 30, 'min_samples_leaf': 2, 'min_samples_split': 15}",0.7939698492462313,0.8717948717948718,0.8571428571428571,0.801980198019802,0.8144329896907218,0.8309178743961353,0.86,0.8328912343272313,0.028413997356453075,38,0.9338187126841229,0.9824439910909806,0.9801512287334594,0.9730299316696376,0.9774955436720143,0.9779968805704099,0.990975935828877,0.9737017463213574,0.017072823323834196,17,0.9349206349206349,0.9603174603174603,0.9555555555555556,0.9365079365079365,0.9428571428571428,0.9444444444444444,0.9555555555555556,0.9471655328798186,0.00928321518841667,33
0.03059962817600795,0.0018493190215300526,0.004461492810930524,0.0020884176033177833,30,5,2,"{'max_depth': 30, 'min_samples_leaf': 5, 'min_samples_split': 2}",0.7575757575757575,0.7357512953367875,0.7513227513227512,0.7157894736842105,0.7999999999999999,0.7475728155339806,0.793969849246231,0.7574259918142454,0.02799425669536762,56,0.9057159969305058,0.9677235209343241,0.9730857773868125,0.9721200980392157,0.9785260695187166,0.9683229352346999,0.9785353535353536,0.9634328216542326,0.023898882499321757,46,0.9238095238095239,0.919047619047619,0.9253968253968254,0.9142857142857143,0.9380952380952381,0.9174603174603174,0.9349206349206349,0.9247165532879819,0.008263431817817975,53
0.032341446195329936,0.006942262748333976,0.003202949251447405,0.0010393054580377058,30,5,5,"{'max_depth': 30, 'min_samples_leaf': 5, 'min_samples_split': 5}",0.7575757575757575,0.7357512953367875,0.7513227513227512,0.7157894736842105,0.7999999999999999,0.7475728155339806,0.793969849246231,0.7574259918142454,0.02799425669536762,56,0.9057159969305058,0.9677235209343241,0.9730857773868125,0.9721200980392157,0.9785260695187166,0.9683229352346999,0.9785353535353536,0.9634328216542326,0.023898882499321757,46,0.9238095238095239,0.919047619047619,0.9253968253968254,0.9142857142857143,0.9380952380952381,0.9174603174603174,0.9349206349206349,0.9247165532879819,0.008263431817817975,53
0.029060023171561106,0.005150957598149014,0.003092050552368164,0.0011784392596466248,30,5,10,"{'max_depth': 30, 'min_samples_leaf': 5, 'min_samples_split': 10}",0.7575757575757575,0.7357512953367875,0.7513227513227512,0.7157894736842105,0.7999999999999999,0.7475728155339806,0.793969849246231,0.7574259918142454,0.02799425669536762,56,0.9057159969305058,0.9677235209343241,0.9730857773868125,0.9721200980392157,0.9785260695187166,0.9683229352346999,0.9785353535353536,0.9634328216542326,0.023898882499321757,46,0.9238095238095239,0.919047619047619,0.9253968253968254,0.9142857142857143,0.9380952380952381,0.9174603174603174,0.9349206349206349,0.9247165532879819,0.008263431817817975,53
0.029425961630684987,0.002694140607427982,0.006217309406825474,0.003020299849249856,30,5,15,"{'max_depth': 30, 'min_samples_leaf': 5, 'min_samples_split': 15}",0.7422680412371134,0.723404255319149,0.7351351351351353,0.7164179104477613,0.8,0.7255813953488373,0.7857142857142858,0.7469315747431831,0.030288398509471754,74,0.8959740964644669,0.9630631305096482,0.9673211177450448,0.9632445781342841,0.9850527332144978,0.9603758169934641,0.9697341057635176,0.9578236541178462,0.02635527398974082,63,0.9206349206349206,0.9174603174603174,0.9222222222222223,0.9095238095238095,0.9365079365079365,0.9063492063492063,0.9333333333333333,0.9208616780045352,0.010371516214085514,75
0.027471406119210378,0.0036552461008457445,0.004774979182652065,0.0024541362246212083,30,10,2,"{'max_depth': 30, 'min_samples_leaf': 10, 'min_samples_split': 2}",0.649214659685864,0.6739130434782609,0.6595744680851064,0.6559139784946236,0.6839378238341969,0.67,0.6956521739130435,0.6697437353558708,0.015148254296023287,89,0.9094405659847647,0.9446929570083662,0.9355406240056898,0.9492442810457516,0.9481023469994059,0.9516581253713607,0.9493928253119429,0.941153103675326,0.013844664593454835,79,0.8936507936507937,0.9047619047619048,0.8984126984126984,0.8984126984126984,0.9031746031746032,0.8952380952380953,0.9111111111111111,0.9006802721088436,0.005618826164790849,89
0.04309541838509696,0.022734069925074193,0.006859609058925084,0.005545371639851774,30,10,5,"{'max_depth': 30, 'min_samples_leaf': 10, 'min_samples_split': 5}",0.649214659685864,0.6739130434782609,0.6595744680851064,0.6559139784946236,0.6839378238341969,0.67,0.6956521739130435,0.6697437353558708,0.015148254296023287,89,0.9094405659847647,0.9446929570083662,0.9355406240056898,0.9492442810457516,0.9481023469994059,0.9516581253713607,0.9493928253119429,0.941153103675326,0.013844664593454835,79,0.8936507936507937,0.9047619047619048,0.8984126984126984,0.8984126984126984,0.9031746031746032,0.8952380952380953,0.9111111111111111,0.9006802721088436,0.005618826164790849,89
0.025428806032453264,0.003029608024225823,0.00421217509678432,0.002087169526531926,30,10,10,"{'max_depth': 30, 'min_samples_leaf': 10, 'min_samples_split': 10}",0.649214659685864,0.6739130434782609,0.6595744680851064,0.6559139784946236,0.6839378238341969,0.67,0.6956521739130435,0.6697437353558708,0.015148254296023287,89,0.9094405659847647,0.9446929570083662,0.9355406240056898,0.9492442810457516,0.9481023469994059,0.9516581253713607,0.9493928253119429,0.941153103675326,0.013844664593454835,79,0.8936507936507937,0.9047619047619048,0.8984126984126984,0.8984126984126984,0.9031746031746032,0.8952380952380953,0.9111111111111111,0.9006802721088436,0.005618826164790849,89
0.030216285160609653,0.004747677066372663,0.003084421157836914,0.0008591229479949328,30,10,15,"{'max_depth': 30, 'min_samples_leaf': 10, 'min_samples_split': 15}",0.649214659685864,0.6739130434782609,0.6595744680851064,0.6559139784946236,0.6839378238341969,0.67,0.6956521739130435,0.6697437353558708,0.015148254296023287,89,0.9094405659847647,0.9446929570083662,0.9355406240056898,0.9492442810457516,0.9481023469994059,0.9516581253713607,0.9493928253119429,0.941153103675326,0.013844664593454835,79,0.8936507936507937,0.9047619047619048,0.8984126984126984,0.8984126984126984,0.9031746031746032,0.8952380952380953,0.9111111111111111,0.9006802721088436,0.005618826164790849,89
0.029307263238089427,0.0025782574430894202,0.004352365221296038,0.0025297124305748275,35,1,2,"{'max_depth': 35, 'min_samples_leaf': 1, 'min_samples_split': 2}",0.6012658227848102,0.98,0.99,0.9850746268656716,0.9852216748768472,0.970873786407767,0.9855072463768115,0.9282775939017011,0.1336198024279638,6,0.8568754796084523,0.9842033352673641,0.9900990099009901,0.9852941176470589,0.9892491087344029,0.9864081996434938,0.9971590909090908,0.9698983345301219,0.046312715240572545,30,0.8,0.9936507936507937,0.9968253968253968,0.9952380952380953,0.9952380952380953,0.9904761904761905,0.9952380952380953,0.9666666666666667,0.06806650414697733,7
0.03432096753801618,0.0052261607083483215,0.004094464438302177,0.002102400704051574,35,1,5,"{'max_depth': 35, 'min_samples_leaf': 1, 'min_samples_split': 5}",0.611842105263158,0.9696969696969696,0.9693877551020408,0.9651741293532337,0.9547738693467337,0.9611650485436893,0.9651741293532337,0.9138877152370084,0.12340056390305827,17,0.8658967976192704,0.9840910367029141,0.9898556963446817,0.985034165181224,0.9888220439691028,0.9902053624480095,0.9880886066547832,0.9702848155599979,0.04267060668411615,25,0.8126984126984127,0.9904761904761905,0.9904761904761905,0.9888888888888889,0.9857142857142858,0.9873015873015873,0.9888888888888889,0.9634920634920635,0.061581223254764776,23
0.031923157828194756,0.005310836793388518,0.004857540130615234,0.0022020545334080466,35,1,10,"{'max_depth': 35, 'min_samples_leaf': 1, 'min_samples_split': 10}",0.5592105263157895,0.9246231155778896,0.9128205128205128,0.8811881188118812,0.8808290155440415,0.875,0.9313725490196079,0.8521491197271033,0.12142653975276028,31,0.8433435025922251,0.9824346328772764,0.9865428886934063,0.9797144236482472,0.9858325906120025,0.9867052881758764,0.9919321895424837,0.9652150737345025,0.049878445823863256,37,0.7873015873015873,0.9761904761904762,0.973015873015873,0.9619047619047619,0.9634920634920635,0.9587301587301588,0.9777777777777777,0.9426303854875284,0.06378294237369311,40
0.03329389435904367,0.005819276338170759,0.004051719393048968,0.002171639840311632,35,1,15,"{'max_depth': 35, 'min_samples_leaf': 1, 'min_samples_split': 15}",0.5294117647058824,0.8717948717948718,0.8629441624365483,0.8181818181818182,0.8186528497409328,0.8229665071770335,0.8514851485148515,0.7964910175074198,0.11090856070198182,47,0.827415822867731,0.9824439910909806,0.9806097812049636,0.9717951574569221,0.9789531342840168,0.9770963309566251,0.983957219251337,0.9574673481589394,0.05322021566884661,68,0.7714285714285715,0.9603174603174603,0.9571428571428572,0.9428571428571428,0.9444444444444444,0.9412698412698413,0.9523809523809523,0.924263038548753,0.06276060686198653,68
0.034152167184012275,0.004498201907114744,0.0033152103424072266,0.0013983255558711871,35,2,2,"{'max_depth': 35, 'min_samples_leaf': 2, 'min_samples_split': 2}",0.6713286713286714,0.98,0.9693877551020408,0.9803921568627451,0.96,0.970873786407767,0.9901960784313726,0.9317397783046566,0.10668690338410575,1,0.8910329596286661,0.9841752606262516,0.9898744127720901,0.990084670231729,0.9925820707070707,0.986352495543672,0.9941325014854426,0.9754620529992747,0.03461215978584158,7,0.8507936507936508,0.9936507936507937,0.9904761904761905,0.9936507936507937,0.9873015873015873,0.9904761904761905,0.9968253968253968,0.9718820861678006,0.049514173474670964,1
0.0350217478615897,0.008731191909763705,0.004488263811383929,0.002222613133033395,35,2,5,"{'max_depth': 35, 'min_samples_leaf': 2, 'min_samples_split': 5}",0.657243816254417,0.9696969696969696,0.9479166666666667,0.9603960396039604,0.9441624365482234,0.9607843137254902,0.9651741293532337,0.9150534816927086,0.10558570684678387,12,0.8883845851503864,0.9840442456343934,0.9893503528046566,0.9897133095662508,0.9920807338086749,0.9862039512774807,0.9880886066547832,0.9739808264138036,0.03502603763104436,12,0.846031746031746,0.9904761904761905,0.9841269841269841,0.9873015873015873,0.9825396825396825,0.9873015873015873,0.9888888888888889,0.9666666666666667,0.04931229907301125,7
0.04167345591953823,0.01612818271508114,0.004496029445103237,0.0019316041371977746,35,2,10,"{'max_depth': 35, 'min_samples_leaf': 2, 'min_samples_split': 10}",0.8527918781725888,0.9292929292929293,0.9072164948453608,0.8878048780487806,0.8717948717948718,0.8792270531400966,0.9253731343283583,0.8933573199461409,0.026320674671557884,25,0.9515057365850006,0.9827153792884015,0.9862527840685771,0.9844771241830065,0.9883299910873441,0.9823603683897801,0.9875872697563874,0.9804612361940711,0.012008781684497243,1,0.953968253968254,0.9777777777777777,0.9714285714285714,0.9634920634920635,0.9603174603174603,0.9603174603174603,0.9761904761904762,0.9662131519274376,0.008343931742845367,17
0.03144727434430804,0.004974348258085735,0.004689557211739677,0.0031668031184008297,35,2,15,"{'max_depth': 35, 'min_samples_leaf': 2, 'min_samples_split': 15}",0.7939698492462313,0.8717948717948718,0.8571428571428571,0.801980198019802,0.8144329896907218,0.8309178743961353,0.86,0.8328912343272313,0.028413997356453075,38,0.9338187126841229,0.9824439910909806,0.9801512287334594,0.9730299316696376,0.9774955436720143,0.9779968805704099,0.990975935828877,0.9737017463213574,0.017072823323834196,17,0.9349206349206349,0.9603174603174603,0.9555555555555556,0.9365079365079365,0.9428571428571428,0.9444444444444444,0.9555555555555556,0.9471655328798186,0.00928321518841667,33
0.030648776463099887,0.0032348902335484777,0.005345923560006278,0.0025400167673548437,35,5,2,"{'max_depth': 35, 'min_samples_leaf': 5, 'min_samples_split': 2}",0.7575757575757575,0.7357512953367875,0.7513227513227512,0.7157894736842105,0.7999999999999999,0.7475728155339806,0.793969849246231,0.7574259918142454,0.02799425669536762,56,0.9057159969305058,0.9677235209343241,0.9730857773868125,0.9721200980392157,0.9785260695187166,0.9683229352346999,0.9785353535353536,0.9634328216542326,0.023898882499321757,46,0.9238095238095239,0.919047619047619,0.9253968253968254,0.9142857142857143,0.9380952380952381,0.9174603174603174,0.9349206349206349,0.9247165532879819,0.008263431817817975,53
0.03215752329145159,0.00379489501122453,0.005463668278285435,0.0018484621880984625,35,5,5,"{'max_depth': 35, 'min_samples_leaf': 5, 'min_samples_split': 5}",0.7575757575757575,0.7357512953367875,0.7513227513227512,0.7157894736842105,0.7999999999999999,0.7475728155339806,0.793969849246231,0.7574259918142454,0.02799425669536762,56,0.9057159969305058,0.9677235209343241,0.9730857773868125,0.9721200980392157,0.9785260695187166,0.9683229352346999,0.9785353535353536,0.9634328216542326,0.023898882499321757,46,0.9238095238095239,0.919047619047619,0.9253968253968254,0.9142857142857143,0.9380952380952381,0.9174603174603174,0.9349206349206349,0.9247165532879819,0.008263431817817975,53
0.028577532087053572,0.005355544346186969,0.003158092498779297,0.0005207715163165158,35,5,10,"{'max_depth': 35, 'min_samples_leaf': 5, 'min_samples_split': 10}",0.7575757575757575,0.7357512953367875,0.7513227513227512,0.7157894736842105,0.7999999999999999,0.7475728155339806,0.793969849246231,0.7574259918142454,0.02799425669536762,56,0.9057159969305058,0.9677235209343241,0.9730857773868125,0.9721200980392157,0.9785260695187166,0.9683229352346999,0.9785353535353536,0.9634328216542326,0.023898882499321757,46,0.9238095238095239,0.919047619047619,0.9253968253968254,0.9142857142857143,0.9380952380952381,0.9174603174603174,0.9349206349206349,0.9247165532879819,0.008263431817817975,53
0.030235767364501953,0.0027486788029082725,0.003964969090053013,0.002717376944195547,35,5,15,"{'max_depth': 35, 'min_samples_leaf': 5, 'min_samples_split': 15}",0.7422680412371134,0.723404255319149,0.7351351351351353,0.7164179104477613,0.8,0.7255813953488373,0.7857142857142858,0.7469315747431831,0.030288398509471754,74,0.8959740964644669,0.9630631305096482,0.9673211177450448,0.9632445781342841,0.9850527332144978,0.9603758169934641,0.9697341057635176,0.9578236541178462,0.02635527398974082,63,0.9206349206349206,0.9174603174603174,0.9222222222222223,0.9095238095238095,0.9365079365079365,0.9063492063492063,0.9333333333333333,0.9208616780045352,0.010371516214085514,75
0.027153423854282925,0.0030024907144168326,0.003952639443533761,0.0010227394429441579,35,10,2,"{'max_depth': 35, 'min_samples_leaf': 10, 'min_samples_split': 2}",0.649214659685864,0.6739130434782609,0.6595744680851064,0.6559139784946236,0.6839378238341969,0.67,0.6956521739130435,0.6697437353558708,0.015148254296023287,89,0.9094405659847647,0.9446929570083662,0.9355406240056898,0.9492442810457516,0.9481023469994059,0.9516581253713607,0.9493928253119429,0.941153103675326,0.013844664593454835,79,0.8936507936507937,0.9047619047619048,0.8984126984126984,0.8984126984126984,0.9031746031746032,0.8952380952380953,0.9111111111111111,0.9006802721088436,0.005618826164790849,89
0.03074237278529576,0.005393550153628765,0.0035538673400878906,0.0020393187283356505,35,10,5,"{'max_depth': 35, 'min_samples_leaf': 10, 'min_samples_split': 5}",0.649214659685864,0.6739130434782609,0.6595744680851064,0.6559139784946236,0.6839378238341969,0.67,0.6956521739130435,0.6697437353558708,0.015148254296023287,89,0.9094405659847647,0.9446929570083662,0.9355406240056898,0.9492442810457516,0.9481023469994059,0.9516581253713607,0.9493928253119429,0.941153103675326,0.013844664593454835,79,0.8936507936507937,0.9047619047619048,0.8984126984126984,0.8984126984126984,0.9031746031746032,0.8952380952380953,0.9111111111111111,0.9006802721088436,0.005618826164790849,89
0.026535204478672574,0.00459184190017603,0.003223351069859096,0.001217029514895751,35,10,10,"{'max_depth': 35, 'min_samples_leaf': 10, 'min_samples_split': 10}",0.649214659685864,0.6739130434782609,0.6595744680851064,0.6559139784946236,0.6839378238341969,0.67,0.6956521739130435,0.6697437353558708,0.015148254296023287,89,0.9094405659847647,0.9446929570083662,0.9355406240056898,0.9492442810457516,0.9481023469994059,0.9516581253713607,0.9493928253119429,0.941153103675326,0.013844664593454835,79,0.8936507936507937,0.9047619047619048,0.8984126984126984,0.8984126984126984,0.9031746031746032,0.8952380952380953,0.9111111111111111,0.9006802721088436,0.005618826164790849,89
0.03018454142979213,0.004234228450931164,0.004116807665143695,0.0020012273065043683,35,10,15,"{'max_depth': 35, 'min_samples_leaf': 10, 'min_samples_split': 15}",0.649214659685864,0.6739130434782609,0.6595744680851064,0.6559139784946236,0.6839378238341969,0.67,0.6956521739130435,0.6697437353558708,0.015148254296023287,89,0.9094405659847647,0.9446929570083662,0.9355406240056898,0.9492442810457516,0.9481023469994059,0.9516581253713607,0.9493928253119429,0.941153103675326,0.013844664593454835,79,0.8936507936507937,0.9047619047619048,0.8984126984126984,0.8984126984126984,0.9031746031746032,0.8952380952380953,0.9111111111111111,0.9006802721088436,0.005618826164790849,89
0.032094206128801615,0.003834044339856439,0.003893000738961356,0.002166134916973914,40,1,2,"{'max_depth': 40, 'min_samples_leaf': 1, 'min_samples_split': 2}",0.6012658227848102,0.98,0.99,0.9850746268656716,0.9852216748768472,0.970873786407767,0.9855072463768115,0.9282775939017011,0.1336198024279638,6,0.8568754796084523,0.9842033352673641,0.9900990099009901,0.9852941176470589,0.9892491087344029,0.9864081996434938,0.9971590909090908,0.9698983345301219,0.046312715240572545,30,0.8,0.9936507936507937,0.9968253968253968,0.9952380952380953,0.9952380952380953,0.9904761904761905,0.9952380952380953,0.9666666666666667,0.06806650414697733,7
0.05116074425833566,0.04317554625440699,0.004564864294869559,0.0020600298107037235,40,1,5,"{'max_depth': 40, 'min_samples_leaf': 1, 'min_samples_split': 5}",0.611842105263158,0.9696969696969696,0.9693877551020408,0.9651741293532337,0.9547738693467337,0.9611650485436893,0.9651741293532337,0.9138877152370084,0.12340056390305827,17,0.8658967976192704,0.9840910367029141,0.9898556963446817,0.985034165181224,0.9888220439691028,0.9902053624480095,0.9880886066547832,0.9702848155599979,0.04267060668411615,25,0.8126984126984127,0.9904761904761905,0.9904761904761905,0.9888888888888889,0.9857142857142858,0.9873015873015873,0.9888888888888889,0.9634920634920635,0.061581223254764776,23
0.03162693977355957,0.004537730014357629,0.00315819467817034,0.0008841630393732541,40,1,10,"{'max_depth': 40, 'min_samples_leaf': 1, 'min_samples_split': 10}",0.5592105263157895,0.9246231155778896,0.9128205128205128,0.8811881188118812,0.8808290155440415,0.875,0.9313725490196079,0.8521491197271033,0.12142653975276028,31,0.8433435025922251,0.9824346328772764,0.9865428886934063,0.9797144236482472,0.9858325906120025,0.9867052881758764,0.9919321895424837,0.9652150737345025,0.049878445823863256,37,0.7873015873015873,0.9761904761904762,0.973015873015873,0.9619047619047619,0.9634920634920635,0.9587301587301588,0.9777777777777777,0.9426303854875284,0.06378294237369311,40
0.03383146013532366,0.005266106517327705,0.004722561155046735,0.0017675638084621787,40,1,15,"{'max_depth': 40, 'min_samples_leaf': 1, 'min_samples_split': 15}",0.5294117647058824,0.8717948717948718,0.8629441624365483,0.8181818181818182,0.8186528497409328,0.8229665071770335,0.8514851485148515,0.7964910175074198,0.11090856070198182,47,0.827415822867731,0.9824439910909806,0.9806097812049636,0.9717951574569221,0.9789531342840168,0.9770963309566251,0.983957219251337,0.9574673481589394,0.05322021566884661,68,0.7714285714285715,0.9603174603174603,0.9571428571428572,0.9428571428571428,0.9444444444444444,0.9412698412698413,0.9523809523809523,0.924263038548753,0.06276060686198653,68
0.035038845879690986,0.004778190700198852,0.00579275403703962,0.0027079237981426554,40,2,2,"{'max_depth': 40, 'min_samples_leaf': 2, 'min_samples_split': 2}",0.6713286713286714,0.98,0.9693877551020408,0.9803921568627451,0.96,0.970873786407767,0.9901960784313726,0.9317397783046566,0.10668690338410575,1,0.8910329596286661,0.9841752606262516,0.9898744127720901,0.990084670231729,0.9925820707070707,0.986352495543672,0.9941325014854426,0.9754620529992747,0.03461215978584158,7,0.8507936507936508,0.9936507936507937,0.9904761904761905,0.9936507936507937,0.9873015873015873,0.9904761904761905,0.9968253968253968,0.9718820861678006,0.049514173474670964,1
0.03452989033290318,0.004789324855111646,0.003989389964512416,0.002749327291320309,40,2,5,"{'max_depth': 40, 'min_samples_leaf': 2, 'min_samples_split': 5}",0.657243816254417,0.9696969696969696,0.9479166666666667,0.9603960396039604,0.9441624365482234,0.9607843137254902,0.9651741293532337,0.9150534816927086,0.10558570684678387,12,0.8883845851503864,0.9840442456343934,0.9893503528046566,0.9897133095662508,0.9920807338086749,0.9862039512774807,0.9880886066547832,0.9739808264138036,0.03502603763104436,12,0.846031746031746,0.9904761904761905,0.9841269841269841,0.9873015873015873,0.9825396825396825,0.9873015873015873,0.9888888888888889,0.9666666666666667,0.04931229907301125,7
0.03424239158630371,0.00318809194592279,0.003128528594970703,0.0005107026139246551,40,2,10,"{'max_depth': 40, 'min_samples_leaf': 2, 'min_samples_split': 10}",0.8527918781725888,0.9292929292929293,0.9072164948453608,0.8878048780487806,0.8717948717948718,0.8792270531400966,0.9253731343283583,0.8933573199461409,0.026320674671557884,25,0.9515057365850006,0.9827153792884015,0.9862527840685771,0.9844771241830065,0.9883299910873441,0.9823603683897801,0.9875872697563874,0.9804612361940711,0.012008781684497243,1,0.953968253968254,0.9777777777777777,0.9714285714285714,0.9634920634920635,0.9603174603174603,0.9603174603174603,0.9761904761904762,0.9662131519274376,0.008343931742845367,17
0.034552199499947686,0.0035357834063353575,0.004197120666503906,0.0019812539288970735,40,2,15,"{'max_depth': 40, 'min_samples_leaf': 2, 'min_samples_split': 15}",0.7939698492462313,0.8717948717948718,0.8571428571428571,0.801980198019802,0.8144329896907218,0.8309178743961353,0.86,0.8328912343272313,0.028413997356453075,38,0.9338187126841229,0.9824439910909806,0.9801512287334594,0.9730299316696376,0.9774955436720143,0.9779968805704099,0.990975935828877,0.9737017463213574,0.017072823323834196,17,0.9349206349206349,0.9603174603174603,0.9555555555555556,0.9365079365079365,0.9428571428571428,0.9444444444444444,0.9555555555555556,0.9471655328798186,0.00928321518841667,33
0.03083770615713937,0.0035693364967209536,0.0041217803955078125,0.0017554265126859014,40,5,2,"{'max_depth': 40, 'min_samples_leaf': 5, 'min_samples_split': 2}",0.7575757575757575,0.7357512953367875,0.7513227513227512,0.7157894736842105,0.7999999999999999,0.7475728155339806,0.793969849246231,0.7574259918142454,0.02799425669536762,56,0.9057159969305058,0.9677235209343241,0.9730857773868125,0.9721200980392157,0.9785260695187166,0.9683229352346999,0.9785353535353536,0.9634328216542326,0.023898882499321757,46,0.9238095238095239,0.919047619047619,0.9253968253968254,0.9142857142857143,0.9380952380952381,0.9174603174603174,0.9349206349206349,0.9247165532879819,0.008263431817817975,53
0.030716521399361745,0.004246435591061006,0.0036889484950474332,0.001579091464792348,40,5,5,"{'max_depth': 40, 'min_samples_leaf': 5, 'min_samples_split': 5}",0.7575757575757575,0.7357512953367875,0.7513227513227512,0.7157894736842105,0.7999999999999999,0.7475728155339806,0.793969849246231,0.7574259918142454,0.02799425669536762,56,0.9057159969305058,0.9677235209343241,0.9730857773868125,0.9721200980392157,0.9785260695187166,0.9683229352346999,0.9785353535353536,0.9634328216542326,0.023898882499321757,46,0.9238095238095239,0.919047619047619,0.9253968253968254,0.9142857142857143,0.9380952380952381,0.9174603174603174,0.9349206349206349,0.9247165532879819,0.008263431817817975,53
0.030988352639334544,0.00637758351526437,0.0032765184129987445,0.000823780898259369,40,5,10,"{'max_depth': 40, 'min_samples_leaf': 5, 'min_samples_split': 10}",0.7575757575757575,0.7357512953367875,0.7513227513227512,0.7157894736842105,0.7999999999999999,0.7475728155339806,0.793969849246231,0.7574259918142454,0.02799425669536762,56,0.9057159969305058,0.9677235209343241,0.9730857773868125,0.9721200980392157,0.9785260695187166,0.9683229352346999,0.9785353535353536,0.9634328216542326,0.023898882499321757,46,0.9238095238095239,0.919047619047619,0.9253968253968254,0.9142857142857143,0.9380952380952381,0.9174603174603174,0.9349206349206349,0.9247165532879819,0.008263431817817975,53
0.029023102351597378,0.0036637063042676524,0.0028577872685023715,0.000289784443988259,40,5,15,"{'max_depth': 40, 'min_samples_leaf': 5, 'min_samples_split': 15}",0.7422680412371134,0.723404255319149,0.7351351351351353,0.7164179104477613,0.8,0.7255813953488373,0.7857142857142858,0.7469315747431831,0.030288398509471754,74,0.8959740964644669,0.9630631305096482,0.9673211177450448,0.9632445781342841,0.9850527332144978,0.9603758169934641,0.9697341057635176,0.9578236541178462,0.02635527398974082,63,0.9206349206349206,0.9174603174603174,0.9222222222222223,0.9095238095238095,0.9365079365079365,0.9063492063492063,0.9333333333333333,0.9208616780045352,0.010371516214085514,75
0.02715785162789481,0.0044920007774297156,0.0034468514578683035,0.0015455283553243205,40,10,2,"{'max_depth': 40, 'min_samples_leaf': 10, 'min_samples_split': 2}",0.649214659685864,0.6739130434782609,0.6595744680851064,0.6559139784946236,0.6839378238341969,0.67,0.6956521739130435,0.6697437353558708,0.015148254296023287,89,0.9094405659847647,0.9446929570083662,0.9355406240056898,0.9492442810457516,0.9481023469994059,0.9516581253713607,0.9493928253119429,0.941153103675326,0.013844664593454835,79,0.8936507936507937,0.9047619047619048,0.8984126984126984,0.8984126984126984,0.9031746031746032,0.8952380952380953,0.9111111111111111,0.9006802721088436,0.005618826164790849,89
0.027166434696742466,0.0029635858694716023,0.0035059452056884766,0.001053652847183265,40,10,5,"{'max_depth': 40, 'min_samples_leaf': 10, 'min_samples_split': 5}",0.649214659685864,0.6739130434782609,0.6595744680851064,0.6559139784946236,0.6839378238341969,0.67,0.6956521739130435,0.6697437353558708,0.015148254296023287,89,0.9094405659847647,0.9446929570083662,0.9355406240056898,0.9492442810457516,0.9481023469994059,0.9516581253713607,0.9493928253119429,0.941153103675326,0.013844664593454835,79,0.8936507936507937,0.9047619047619048,0.8984126984126984,0.8984126984126984,0.9031746031746032,0.8952380952380953,0.9111111111111111,0.9006802721088436,0.005618826164790849,89
0.02693046842302595,0.002025349749158899,0.0036003589630126953,0.0009264343826373518,40,10,10,"{'max_depth': 40, 'min_samples_leaf': 10, 'min_samples_split': 10}",0.649214659685864,0.6739130434782609,0.6595744680851064,0.6559139784946236,0.6839378238341969,0.67,0.6956521739130435,0.6697437353558708,0.015148254296023287,89,0.9094405659847647,0.9446929570083662,0.9355406240056898,0.9492442810457516,0.9481023469994059,0.9516581253713607,0.9493928253119429,0.941153103675326,0.013844664593454835,79,0.8936507936507937,0.9047619047619048,0.8984126984126984,0.8984126984126984,0.9031746031746032,0.8952380952380953,0.9111111111111111,0.9006802721088436,0.005618826164790849,89
0.025569234575544084,0.0033134453838725843,0.002799068178449358,0.000147189963515281,40,10,15,"{'max_depth': 40, 'min_samples_leaf': 10, 'min_samples_split': 15}",0.649214659685864,0.6739130434782609,0.6595744680851064,0.6559139784946236,0.6839378238341969,0.67,0.6956521739130435,0.6697437353558708,0.015148254296023287,89,0.9094405659847647,0.9446929570083662,0.9355406240056898,0.9492442810457516,0.9481023469994059,0.9516581253713607,0.9493928253119429,0.941153103675326,0.013844664593454835,79,0.8936507936507937,0.9047619047619048,0.8984126984126984,0.8984126984126984,0.9031746031746032,0.8952380952380953,0.9111111111111111,0.9006802721088436,0.005618826164790849,89
